Variable Name,Description,Data Type,Measurement / Unit,Allowed Values / Range
school,Student's school,Categorical / Binary,N/A,GP = Gabriel Pereira; MS = Mousinho da Silveira
sex,Student's sex,Categorical / Binary,N/A,F = female; M = male
age,Student's age,Numeric / Integer,Years,15–22
address,Home address type,Categorical / Binary,N/A,U = urban; R = rural
famsize,Family size,Categorical / Binary,N/A,LE3 = ?3; GT3 = >3
Pstatus,Parent's cohabitation status,Categorical / Binary,N/A,T = living together; A = apart
Medu,Mother's education,Numeric / Ordinal,Education level,0 = none; 1 = primary education (4th grade); 2 = 5th–9th grade; 3 = secondary education; 4 = higher education
Fedu,Father's education,Numeric / Ordinal,Education level,0 = none; 1 = primary education (4th grade); 2 = 5th–9th grade; 3 = secondary education; 4 = higher education
Mjob,Mother's job,Categorical / Nominal,N/A,teacher; health; services; at_home; other
Fjob,Father's job,Categorical / Nominal,N/A,teacher; health; services; at_home; other
reason,Reason for choosing this school,Categorical / Nominal,N/A,home; reputation; course; other
guardian,Student's guardian,Categorical / Nominal,N/A,mother; father; other
traveltime,Home-to-school travel time,Numeric / Ordinal,Time category,1 = <15 min; 2 = 15–30 min; 3 = 30 min–1 hour; 4 = >1 hour
studytime,Weekly study time,Numeric / Ordinal,Hours per week (categorized),1 = <2 hours; 2 = 2–5 hours; 3 = 5–10 hours; 4 = >10 hours
failures,Number of past class failures,Numeric / Integer,Number of failures,n if 1?n<3; otherwise 4
schoolsup,Extra educational support,Categorical / Binary,N/A,yes; no
famsup,Family educational support,Categorical / Binary,N/A,yes; no
paid,Extra paid classes within the course subject,Categorical / Binary,N/A,yes; no
activities,Extra-curricular activities,Categorical / Binary,N/A,yes; no
nursery,Attended nursery school,Categorical / Binary,N/A,yes; no
higher,Wants to take higher education,Categorical / Binary,N/A,yes; no
internet,Internet access at home,Categorical / Binary,N/A,yes; no
romantic,In a romantic relationship,Categorical / Binary,N/A,yes; no
famrel,Quality of family relationships,Numeric / Ordinal,Rating scale,1 = very bad to 5 = excellent
freetime,Free time after school,Numeric / Ordinal,Rating scale,1 = very low to 5 = very high
goout,Going out with friends,Numeric / Ordinal,Rating scale,1 = very low to 5 = very high
Dalc,Workday alcohol consumption,Numeric / Ordinal,Rating scale,1 = very low to 5 = very high
Walc,Weekend alcohol consumption,Numeric / Ordinal,Rating scale,1 = very low to 5 = very high
health,Current health status,Numeric / Ordinal,Rating scale,1 = very bad to 5 = very good
absences,Number of school absences,Numeric / Integer,Number of absences,0–93
G1,First-period grade,Numeric,Grade,0–20
G2,Second-period grade,Numeric,Grade,0–20
G3,Final grade (output target),Numeric,Grade,0–20
